sequence,repeat,layer,intensity
1,1,control,0.0
2,1,power,0.5
3,1,sm,0.5
4,1,cpu,0.25
5,1,cpu,0.5
6,1,control,0.0
7,1,network_delay,1.0
8,1,storage,1.0
9,1,cpu,1.0
10,1,hbm,1.0
11,1,control,0.0
12,1,hbm,0.5
13,1,sm,0.25
14,1,sm,1.0
15,1,network_delay,0.25
16,1,control,0.0
17,1,power,0.25
18,1,power,1.0
19,1,storage,0.5
20,1,pcie,0.5
21,1,control,0.0
22,1,network_delay,0.5
23,1,pcie,1.0
24,1,storage,0.25
25,1,pcie,0.25
26,1,control,0.0
27,1,hbm,0.25
28,1,control,0.0
29,2,control,0.0
30,2,storage,1.0
31,2,pcie,1.0
32,2,power,1.0
33,2,network_delay,1.0
34,2,control,0.0
35,2,pcie,0.5
36,2,hbm,1.0
37,2,network_delay,0.5
38,2,power,0.25
39,2,control,0.0
40,2,storage,0.25
41,2,power,0.5
42,2,pcie,0.25
43,2,hbm,0.25
44,2,control,0.0
45,2,sm,0.25
46,2,cpu,0.5
47,2,storage,0.5
48,2,network_delay,0.25
49,2,control,0.0
50,2,cpu,0.25
51,2,cpu,1.0
52,2,sm,1.0
53,2,hbm,0.5
54,2,control,0.0
55,2,sm,0.5
56,2,control,0.0
57,3,control,0.0
58,3,sm,0.5
59,3,pcie,0.5
60,3,hbm,0.5
61,3,hbm,1.0
62,3,control,0.0
63,3,power,0.25
64,3,cpu,0.5
65,3,power,1.0
66,3,storage,0.5
67,3,control,0.0
68,3,cpu,0.25
69,3,sm,1.0
70,3,network_delay,0.25
71,3,power,0.5
72,3,control,0.0
73,3,pcie,1.0
74,3,pcie,0.25
75,3,network_delay,0.5
76,3,cpu,1.0
77,3,control,0.0
78,3,sm,0.25
79,3,storage,1.0
80,3,network_delay,1.0
81,3,storage,0.25
82,3,control,0.0
83,3,hbm,0.25
84,3,control,0.0
