tag,completed_ok,request_errors,dropped_admissions,ttft_p50,ttft_p99,ttft_cv,tpot_p50,e2e_p99,tokens_per_s,waiting_max,running_max,kv_usage_p50,kv_usage_max,preemptions
kv_pressure_r1,1219,0,0,0.37549078100710176,0.613452960998984,0.2429585126052659,0.016096481574998652,33.68809539798531,7688.0098851868825,0.0,128.0,0.39432927321126077,0.6778252803097524,0.0
kv_pressure_r2,1223,0,0,0.36862079898128286,0.7168061900010798,0.2918820486480334,0.01608949532778945,33.74276618598378,7706.123617179521,0.0,128.0,0.39174800354924577,0.6734693877551021,0.0
kv_pressure_r3,1221,0,0,0.38178355401032604,0.5942803760117386,0.22702813792421192,0.01608614827991412,33.66692241097917,7692.505313323798,0.0,128.0,0.39860450108897316,0.6749213519399855,0.0
mixed_lengths_r1,358,0,0,0.026593949005473405,0.03614145700703375,0.14569563802460467,0.006627430995999306,1.7888615329866298,507.7473289534236,0.0,7.0,0.010486408001935899,0.020851818988465,0.0
mixed_lengths_r2,358,0,0,0.02638856798876077,0.039055590983480215,0.14960437605727792,0.006625356172512778,1.7899186690046918,507.73599092951196,0.0,8.0,0.010526740340404905,0.021940792127127517,0.0
mixed_lengths_r3,358,0,0,0.025877385982312262,0.03352742799324915,0.13417585025837514,0.0066254171529127395,1.789267631014809,507.7298461281285,0.0,7.0,0.010325078648059982,0.021618133419375685,0.0
ramp_c1,111,0,0,0.016334159998223186,0.023526021017460153,0.09650922648735287,0.0063469313607806815,1.6457334290025756,156.493938118527,0.0,1.0,0.0014922965233524765,0.0018149552311043093,0.0
ramp_c128,7285,0,0,0.39902090301620774,0.6579029790009372,0.20238029868305038,0.010932165796083271,3.4377504760050215,10226.836286876007,0.0,128.0,0.0749374848753731,0.11071226909736231,0.0
ramp_c256,8448,0,0,2.7343013169884216,3.492862282990245,0.10271740970459639,0.011080674360752763,6.258878719992936,11711.38503388369,128.0,128.0,0.08651286601597163,0.11982737759135276,0.0
ramp_c32,2902,0,0,0.09172322301310487,0.1783063629991375,0.23168707152910378,0.007461581799982335,2.0719108899938874,4088.3551113058156,0.0,32.0,0.047148503670242814,0.05299669274824559,0.0
ramp_c512,8631,0,0,8.26780139299808,9.327348013001028,0.12503732127500944,0.011197906431363092,12.303852254000958,11612.966603356714,384.0,128.0,0.08917480035492453,0.11857707509881421,0.0
ramp_c64,4913,0,0,0.17254236902226694,0.3396774469874799,0.21931294421634936,0.008599695768641016,2.54851252498338,6906.085860170557,0.0,64.0,0.05803823505686856,0.07300153262886178,0.0
ramp_c8,840,0,0,0.0257150580000598,0.045694375003222376,0.17753300028352234,0.006658473333307341,1.7458218789834064,1184.3263603700384,0.0,8.0,0.011857707509881465,0.013753327417923678,0.0
