sequence,repeat,block,layer,intensity,completed_ok,request_errors,dropped_admissions,ttft_p50,ttft_p99,ttft_cv,tpot_p50,tokens_per_s,sm_clock_mhz,mem_clock_mhz,power_w,gpu_util,power_capped_frac,cpu_steal_p95,cpu_iowait_p95,cpu_busy_median,ttft_p50_ratio,ttft_p99_ratio,ttft_cv_ratio,tpot_p50_ratio,tokens_per_s_ratio,sm_clock_mhz_ratio,mem_clock_mhz_ratio,power_w_ratio,gpu_util_ratio,power_capped_frac_ratio,cpu_steal_p95_ratio,cpu_iowait_p95_ratio,cpu_busy_median_ratio
1,1,1,control,0.0,249,0,0,0.025339240994071588,0.03252329499810003,0.1069848036157114,0.006495314152961524,524.4427928898656,1980.0,2619.0,478.38,100.0,0.0,0.0,0.0,1.7600000000000051,0.9852,0.9703,0.9529,0.9999,1.0,1.0,1.0,1.0026,1.0,,,,0.9888
2,1,1,power,0.5,249,0,0,0.02523884200491011,0.0300570039980812,0.09619456303586865,0.006552895945074566,524.407912022077,1815.0,2619.0,449.12,100.0,0.7891891891891892,0.0,0.0,1.7600000000000051,0.9813,0.8967,0.8568,1.0087,0.9999,0.9167,1.0,0.9412,1.0,,,,0.9888
3,1,1,sm,0.5,249,0,0,0.04844044300261885,0.058832905007875524,0.09978802344486618,0.015449071690205065,515.348276443838,1920.0,2619.0,667.33,100.0,0.9790575916230366,0.0,0.0,5.969999999999999,1.8834,1.7553,0.8888,2.3782,0.9827,0.9697,1.0,1.3986,1.0,,,,3.3539
4,1,1,cpu,0.25,249,0,0,0.025329948010039516,0.030777797001064755,0.09750989778414668,0.006497543203922938,524.4436592697499,1980.0,2619.0,476.17,100.0,0.0,0.0,0.0,26.879999999999995,0.9849,0.9183,0.8685,1.0002,1.0,1.0,1.0,0.9979,1.0,,,,15.1011
5,1,1,cpu,0.5,249,0,0,0.02616204800142441,0.033906002005096525,0.10760203544463626,0.006496640584287781,524.4022553833083,1980.0,2619.0,476.13,100.0,0.0,0.0,0.0,51.83,1.0172,1.0116,0.9584,1.0001,0.9999,1.0,1.0,0.9979,1.0,,,,29.118
6,1,1,control,0.0,249,0,0,0.026099641007022,0.0345124220038997,0.11756591152240371,0.006497188192146246,524.4372226333568,1980.0,2619.0,475.93,100.0,0.0,0.0,0.0,1.7999999999999972,1.0148,1.0297,1.0471,1.0001,1.0,1.0,1.0,0.9974,1.0,,,,1.0112
7,1,1,network_delay,1.0,249,0,0,0.06475806799426209,0.10467940999660641,0.22126067484493409,0.006522232976481866,524.178023381491,1980.0,2619.0,474.61,100.0,0.0,0.0,0.0,1.7600000000000051,2.5179,3.1231,1.9707,1.004,0.9995,1.0,1.0,0.9947,1.0,,,,0.9888
8,1,2,storage,1.0,249,0,0,0.024981131005915813,0.032190122990868986,0.10263246480241421,0.006493080596099425,524.4446712551877,1980.0,2619.0,472.825,100.0,0.0,0.0,0.0,41.89,0.989,1.022,0.9487,0.9996,1.0,1.0,1.0,0.9824,1.0,,,,23.8011
9,1,2,cpu,1.0,249,0,0,0.025295807005022652,0.031977095000911504,0.1054799321780482,0.006494301882362468,524.440101725662,1980.0,2619.0,473.65,100.0,0.0,0.0,0.0,100.0,1.0015,1.0153,0.975,0.9998,1.0,1.0,1.0,0.9841,1.0,,,,56.8182
10,1,2,hbm,1.0,249,0,0,0.04825974800041877,0.05934333900222555,0.10450176451599197,0.01526062865102408,515.4714354219287,1980.0,2619.0,431.23,100.0,0.0,0.0,0.0,6.010000000000005,1.9107,1.8842,0.966,2.3494,0.9829,1.0,1.0,0.8959,1.0,,,,3.4148
11,1,2,control,0.0,249,0,0,0.02588041099079419,0.04234516900032759,0.16525907046527816,0.00649552206273702,524.4362469627991,1980.0,2619.0,474.76,100.0,0.0,0.0,0.0,1.75,1.0246,1.3445,1.5276,1.0,1.0,1.0,1.0,0.9864,1.0,,,,0.9943
12,1,2,hbm,0.5,249,0,0,0.048003818999859504,0.0574749730003532,0.09635053944435731,0.015298133600028414,515.4482130340937,1980.0,2619.0,429.635,100.0,0.0,0.0,0.05,6.049999999999997,1.9005,1.8248,0.8906,2.3551,0.9829,1.0,1.0,0.8926,1.0,,,,3.4375
13,1,2,sm,0.25,249,0,0,0.04848466199473478,0.06284736799716484,0.10914940898693513,0.015458031196099268,515.3335179100546,1905.0,2619.0,667.405,100.0,0.9791666666666666,0.0,0.0,6.0,1.9196,1.9954,1.0089,2.3798,0.9826,0.9621,1.0,1.3866,1.0,,,,3.4091
14,1,2,sm,1.0,249,0,0,0.04837693199806381,0.059972666000248864,0.1034506226187059,0.01547291895686238,515.3133977428884,1905.0,2619.0,669.4,100.0,0.9791666666666666,0.0,0.0,6.0049999999999955,1.9153,1.9041,0.9563,2.382,0.9826,0.9621,1.0,1.3908,1.0,,,,3.4119
15,1,2,network_delay,0.25,249,0,0,0.03415920599945821,0.04203124399646185,0.09798823731696182,0.006497818419616213,524.3832501416839,1980.0,2619.0,481.91,100.0,0.0,0.0,0.0,1.8100000000000023,1.3524,1.3345,0.9058,1.0003,0.9999,1.0,1.0,1.0012,1.0,,,,1.0284
16,1,2,control,0.0,249,0,0,0.025517574002151377,0.03149601900076959,0.10056525387770412,0.006499576529398944,524.4454866532631,1980.0,2619.0,484.26,100.0,0.0,0.0,0.0,1.7999999999999972,1.0103,1.0,0.9296,1.0006,1.0,1.0,1.0,1.0061,1.0,,,,1.0227
17,1,2,power,0.25,249,0,0,0.02585061200079508,0.03228499399847351,0.11004556914174364,0.006497012917637168,524.4411591358628,1980.0,2619.0,481.52,100.0,0.0,0.0,0.0,1.75,1.0235,1.025,1.0172,1.0002,1.0,1.0,1.0,1.0004,1.0,,,,0.9943
18,1,2,power,1.0,249,0,0,0.04339819999586325,0.05746584200824145,0.11853438646937828,0.01267996394119965,518.0768860929498,345.0,2619.0,203.10000000000002,100.0,0.8297872340425532,0.0,0.0,1.1500000000000057,1.7182,1.8245,1.0957,1.9521,0.9879,0.1742,1.0,0.422,1.0,,,,0.6534
19,1,2,storage,0.5,249,0,0,0.025144272003672086,0.031053298996994272,0.10486334262301843,0.006497634643136396,524.4418040040965,1980.0,2619.0,479.03,100.0,0.0,0.0,0.0,21.83,0.9955,0.9859,0.9693,1.0003,1.0,1.0,1.0,0.9952,1.0,,,,12.4034
20,1,2,pcie,0.5,249,0,0,0.025910340002155863,0.03192249799030833,0.09297555000383571,0.006712588968609149,524.1814665746735,1980.0,2619.0,477.87,100.0,0.0,0.0,0.0,6.765000000000001,1.0258,1.0135,0.8594,1.0334,0.9995,1.0,1.0,0.9928,1.0,,,,3.8437
21,1,2,control,0.0,249,0,0,0.02500022000458557,0.03161807298602071,0.10393130498887654,0.006496933980402081,524.4413659282723,1980.0,2619.0,483.49,100.0,0.0,0.0,0.0,1.75,0.9898,1.0039,0.9607,1.0002,1.0,1.0,1.0,1.0045,1.0,,,,0.9943
22,1,2,network_delay,0.5,249,0,0,0.04382654299843125,0.061840383990784176,0.14869049437041124,0.006505803227442883,524.357033551061,1980.0,2619.0,483.38,100.0,0.0,0.0,0.0,1.7600000000000051,1.7351,1.9634,1.3745,1.0016,0.9998,1.0,1.0,1.0043,1.0,,,,1.0
23,1,2,pcie,1.0,249,0,0,0.02624058299988974,0.03146809199824929,0.0921449422147384,0.006714179901995094,524.1732520110024,1980.0,2619.0,480.66999999999996,100.0,0.0,0.0,0.0,6.760000000000005,1.0389,0.9991,0.8518,1.0336,0.9995,1.0,1.0,0.9986,1.0,,,,3.8409
24,1,2,storage,0.25,249,0,0,0.025992402996052988,0.03664598299656063,0.12114471069720675,0.006499057474509612,524.4468303049229,1980.0,2619.0,484.42,100.0,0.0,0.0,0.0,11.760000000000005,1.0291,1.1635,1.1198,1.0005,1.0,1.0,1.0,1.0064,1.0,,,,6.6818
25,1,2,pcie,0.25,249,0,0,0.025963404012145475,0.03540157100360375,0.11431319493807254,0.006711226160747602,524.1695268444018,1980.0,2619.0,478.435,100.0,0.0,0.0,0.0,6.724999999999994,1.0279,1.124,1.0567,1.0332,0.9995,1.0,1.0,0.994,1.0,,,,3.821
26,1,2,control,0.0,249,0,0,0.02497422299347818,0.0303468929923838,0.09604883972599557,0.0064941284549194294,524.4393601603294,1980.0,2619.0,474.94,100.0,0.0,0.0,0.0,1.7999999999999972,0.9888,0.9635,0.8879,0.9998,1.0,1.0,1.0,0.9867,1.0,,,,1.0227
27,1,2,hbm,0.25,249,0,0,0.04896237399952952,0.05895878400770016,0.10494250598134107,0.015270789925524893,515.463041324975,1980.0,2619.0,429.63,100.0,0.0,0.0,0.0,6.019999999999996,1.9385,1.8719,0.9701,2.3509,0.9829,1.0,1.0,0.8926,1.0,,,,3.4205
28,1,2,control,0.0,249,0,0,0.024950398990768008,0.02991145200212486,0.09815445832297265,0.006494237760803206,524.4368673203563,1980.0,2619.0,474.06,100.0,0.0,0.0,0.0,1.7999999999999972,0.9878,0.9497,0.9073,0.9998,1.0,1.0,1.0,0.9849,1.0,,,,1.0227
29,2,2,control,0.0,249,0,0,0.025965994005673565,0.03913381200982258,0.13838041742691695,0.006496298533359853,524.4306653643209,1980.0,2619.0,474.14,100.0,0.0,0.0,0.0,1.7999999999999972,1.028,1.2425,1.2792,1.0001,1.0,1.0,1.0,0.9851,1.0,,,,1.0227
30,2,2,storage,1.0,249,0,0,0.02520601899595931,0.040357868987484835,0.13168928328948704,0.006496069388231262,524.4432594239871,1980.0,2619.0,476.5,100.0,0.0,0.0,0.0,41.88,0.9979,1.2814,1.2173,1.0001,1.0,1.0,1.0,0.99,1.0,,,,23.7955
31,2,2,pcie,1.0,249,0,0,0.02651523500389885,0.03782851299911272,0.11605468448181863,0.0067105997372624085,524.1699793324326,1980.0,2619.0,472.655,100.0,0.0,0.0,0.0,6.7450000000000045,1.0498,1.2011,1.0728,1.0331,0.9995,1.0,1.0,0.982,1.0,,,,3.8324
32,2,2,power,1.0,249,0,0,0.04150886098796036,0.05250794399762526,0.10733273218615574,0.012684079650937872,518.1268547391223,345.0,2619.0,201.89,100.0,0.8297872340425532,0.0,0.0,1.0999999999999943,1.6434,1.6671,0.9922,1.9527,0.988,0.1742,1.0,0.4195,1.0,,,,0.625
33,2,2,network_delay,1.0,249,0,0,0.0626498210040154,0.09351657700608484,0.18903572937407245,0.006527431352935987,524.2500923324698,1980.0,2619.0,474.49,100.0,0.0,0.0,0.0,1.75,2.4804,2.9692,1.7474,1.0049,0.9996,1.0,1.0,0.9858,1.0,,,,0.9943
34,2,2,control,0.0,249,0,0,0.025526323006488383,0.030924762002541684,0.10154725448550408,0.006495647266673782,524.4410404935604,1980.0,2619.0,475.73,100.0,0.0,0.0,0.0,1.7999999999999972,1.0106,0.9819,0.9387,1.0,1.0,1.0,1.0,0.9884,1.0,,,,1.0227
35,2,2,pcie,0.5,249,0,0,0.025865853996947408,0.03112979901197832,0.08859988395734429,0.00671051836078393,524.1787661993276,1980.0,2619.0,472.135,100.0,0.0,0.0,0.0,6.769999999999996,1.0241,0.9884,0.819,1.0331,0.9995,1.0,1.0,0.9809,1.0,,,,3.8466
36,2,2,hbm,1.0,249,0,0,0.04929353499028366,0.05773810799291823,0.10541308581923517,0.015291302399960913,515.4756913359877,1980.0,2619.0,434.645,100.0,0.0,0.0,0.0,6.060000000000002,1.9516,1.8332,0.9744,2.3541,0.9829,1.0,1.0,0.903,1.0,,,,3.4432
37,2,2,network_delay,0.5,249,0,0,0.04536487000586931,0.060750021002604626,0.16997977245855989,0.0064951668078577435,524.342191619743,1980.0,2619.0,475.83,100.0,0.0,0.0,0.0,1.7600000000000051,1.7961,1.9288,1.5712,0.9999,0.9998,1.0,1.0,0.9886,1.0,,,,1.0
38,2,2,power,0.25,249,0,0,0.02559136900526937,0.03416770900366828,0.10711204241181947,0.006494497184301544,524.4230487217804,1980.0,2619.0,473.37,100.0,0.0,0.0,0.0,1.7600000000000051,1.0132,1.0848,0.9901,0.9998,1.0,1.0,1.0,0.9835,1.0,,,,1.0
39,2,2,control,0.0,249,0,0,0.026537857003859244,0.042865563998930156,0.17268456630977358,0.0064935993059086336,524.4425708177472,1980.0,2619.0,474.07,100.0,0.0,0.0,0.0,1.7600000000000051,1.0507,1.361,1.5963,0.9997,1.0,1.0,1.0,0.9849,1.0,,,,1.0
40,2,2,storage,0.25,249,0,0,0.0260546700010309,0.03791868599364534,0.1304601336853148,0.006495859690225117,524.4464608780767,1980.0,2619.0,473.74,100.0,0.0,0.0,0.0,11.769999999999996,1.0315,1.2039,1.2059,1.0,1.0,1.0,1.0,0.9843,1.0,,,,6.6875
41,2,2,power,0.5,249,0,0,0.026412321996758692,0.03991839800437447,0.15361836823515473,0.006554559631359891,524.406784994457,1815.0,2619.0,449.2,100.0,0.7891891891891892,0.0,0.0,1.7099999999999937,1.0457,1.2674,1.42,1.0091,0.9999,0.9167,1.0,0.9333,1.0,,,,0.9716
42,2,2,pcie,0.25,249,0,0,0.027046172006521374,0.03710212900477927,0.10852449570672139,0.00671086356080338,524.1804622902032,1980.0,2619.0,471.695,100.0,0.0,0.0,0.0,6.680000000000007,1.0708,1.178,1.0032,1.0331,0.9995,1.0,1.0,0.98,1.0,,,,3.7955
43,2,2,hbm,0.25,249,0,0,0.049081596996984445,0.06356120799318887,0.1104049492583572,0.015281777321612098,515.4400277046544,1980.0,2619.0,429.385,100.0,0.0,0.0,0.0,6.010000000000005,1.9432,2.0181,1.0206,2.3526,0.9828,1.0,1.0,0.8921,1.0,,,,3.4148
44,2,2,control,0.0,249,0,0,0.02506714899209328,0.0313971279974794,0.11009527430160292,0.006494196219650535,524.4355134163862,1980.0,2619.0,473.96,100.0,0.0,0.0,0.0,1.75,0.9924,0.9969,1.0177,0.9998,1.0,1.0,1.0,0.9847,1.0,,,,0.9943
45,2,2,sm,0.25,249,0,0,0.049997723996057175,0.05948669899953529,0.09858418938516426,0.015447973105862427,515.3140277907893,1905.0,2619.0,667.78,100.0,0.9791666666666666,0.0,0.0,5.969999999999999,1.9795,1.8887,0.9113,2.3782,0.9826,0.9621,1.0,1.3874,1.0,,,,3.392
46,2,2,cpu,0.5,249,0,0,0.025580097993952222,0.03284834300575312,0.1151235230522137,0.006494381725525611,524.4478503929964,1980.0,2619.0,475.45,100.0,0.0,0.0,0.0,51.75,1.0127,1.0429,1.0642,0.9998,1.0,1.0,1.0,0.9878,1.0,,,,29.4034
47,2,2,storage,0.5,249,0,0,0.025970033995690756,0.03635687600763049,0.12863243919098954,0.006494969670608293,524.442357685943,1980.0,2619.0,476.72,100.0,0.0,0.0,0.0,21.819999999999993,1.0282,1.1543,1.189,0.9999,1.0,1.0,1.0,0.9904,1.0,,,,12.3977
48,2,2,network_delay,0.25,249,0,0,0.03490727400640026,0.04484277899609879,0.11211112836556707,0.006489551886254191,524.3980481555272,1980.0,2619.0,476.04,100.0,0.0,0.0,0.0,1.8100000000000023,1.382,1.4238,1.0363,0.9991,0.9999,1.0,1.0,0.989,1.0,,,,1.0284
49,2,2,control,0.0,249,0,0,0.025289555997005664,0.031228878011461347,0.09001259876242504,0.0064940109568780435,524.4473650206772,1980.0,2619.0,477.34,100.0,0.0,0.0,0.0,1.7600000000000051,1.0012,0.9915,0.8321,0.9997,1.0,1.0,1.0,0.9917,1.0,,,,1.0
50,2,2,cpu,0.25,249,0,0,0.025306907002232037,0.03278361400589347,0.10763752828708434,0.006494869584304408,524.4341507650297,1980.0,2619.0,479.95,100.0,0.0,0.0,0.0,26.819999999999993,1.0019,1.0409,0.995,0.9999,1.0,1.0,1.0,0.9972,1.0,,,,15.2386
51,2,2,cpu,1.0,249,0,0,0.025278781991801225,0.03028686599282082,0.0971420119596921,0.006496823858869189,524.4381728809607,1980.0,2619.0,481.895,100.0,0.0,0.05,0.0,100.0,1.0008,0.9616,0.898,1.0002,1.0,1.0,1.0,1.0012,1.0,,,,56.8182
52,2,2,sm,1.0,249,0,0,0.049999164999462664,0.060462337991339155,0.10148423458479311,0.015462913094134088,515.3509114428565,1905.0,2619.0,669.85,100.0,0.9791666666666666,0.0,0.0,6.0,1.9795,1.9197,0.9381,2.3805,0.9827,0.9621,1.0,1.3917,1.0,,,,3.4091
53,2,2,hbm,0.5,249,0,0,0.04853767799795605,0.06671909798751585,0.11340488788020248,0.015302931537221679,515.437643416061,1980.0,2619.0,431.975,100.0,0.0,0.0,0.0,6.060000000000002,1.9217,2.1183,1.0483,2.3559,0.9828,1.0,1.0,0.8975,1.0,,,,3.4432
54,2,2,control,0.0,249,0,0,0.02629016200080514,0.046842896001180634,0.17443879976041518,0.00650069752157958,524.4285080441048,1980.0,2619.0,481.2,100.0,0.0,0.0,0.0,1.7999999999999972,1.0409,1.4873,1.6125,1.0008,1.0,1.0,1.0,0.9998,1.0,,,,1.0227
55,2,2,sm,0.5,249,0,0,0.05251850800414104,0.08811389999755193,0.1697305923812545,0.015446069133331013,515.3168924266992,1905.0,2619.0,669.46,100.0,0.9791666666666666,0.0,0.0,6.010000000000005,2.0793,2.7976,1.5689,2.3779,0.9826,0.9621,1.0,1.3909,1.0,,,,3.4148
56,2,2,control,0.0,249,0,0,0.025986319000367075,0.04775838599016424,0.18050722987599144,0.006497030498005687,524.4361133941069,1980.0,2619.0,481.32,100.0,0.0,0.0,0.0,1.7999999999999972,1.0288,1.5163,1.6686,1.0002,1.0,1.0,1.0,1.0,1.0,,,,1.0227
57,3,2,control,0.0,249,0,0,0.02503661399532575,0.03084434798802249,0.09972113780850651,0.006493992345092599,524.4382728479239,1980.0,2619.0,481.42,100.0,0.0,0.0,0.0,1.7600000000000051,0.9912,0.9793,0.9218,0.9997,1.0,1.0,1.0,1.0002,1.0,,,,1.0
58,3,2,sm,0.5,249,0,0,0.048591119004413486,0.061814728993340395,0.10758872396996905,0.015448799862768318,515.3470594623909,1905.0,2619.0,669.475,100.0,0.9791666666666666,0.0,0.0,6.010000000000005,1.9238,1.9626,0.9945,2.3783,0.9827,0.9621,1.0,1.3909,1.0,,,,3.4148
59,3,2,pcie,0.5,249,0,0,0.025786954996874556,0.03132430599362124,0.09031638905801655,0.006712976380367763,524.1677295854086,1980.0,2619.0,476.45,100.0,0.0,0.0,0.0,6.75,1.0209,0.9945,0.8349,1.0335,0.9995,1.0,1.0,0.9899,1.0,,,,3.8352
60,3,2,hbm,0.5,249,0,0,0.04793297901051119,0.05969654698856175,0.10454179114870331,0.01530262296077768,515.4603400589588,1980.0,2619.0,434.885,100.0,0.0,0.0,0.0,6.060000000000002,1.8977,1.8954,0.9664,2.3558,0.9829,1.0,1.0,0.9035,1.0,,,,3.4432
61,3,2,hbm,1.0,249,0,0,0.04788956299307756,0.059931691008387133,0.10008337039743435,0.015284918596073255,515.4549417008159,1980.0,2619.0,438.77,100.0,0.0,0.0,0.0,6.010000000000005,1.896,1.9028,0.9251,2.3531,0.9829,1.0,1.0,0.9116,1.0,,,,3.4148
62,3,2,control,0.0,249,0,0,0.025258086010580882,0.030707085999893025,0.0966174918783483,0.0064972421450554116,524.4418494383763,1980.0,2619.0,481.77,100.0,0.0,0.0,0.0,1.7600000000000051,1.0,0.975,0.8931,1.0002,1.0,1.0,1.0,1.0009,1.0,,,,1.0
63,3,2,power,0.25,249,0,0,0.02484192099655047,0.032176757988054305,0.10966876254733494,0.006496705215677674,524.4393091561864,1980.0,2619.0,481.94,100.0,0.0,0.0,0.0,1.75,0.9835,1.0216,1.0138,1.0002,1.0,1.0,1.0,1.0013,1.0,,,,0.9943
64,3,2,cpu,0.5,249,0,0,0.025250954990042374,0.03096731200639624,0.10087118035872011,0.0065004586901826165,524.4432515624682,1980.0,2619.0,481.54,100.0,0.0,0.0,0.0,51.9,0.9997,0.9832,0.9324,1.0007,1.0,1.0,1.0,1.0005,1.0,,,,29.4886
65,3,2,power,1.0,249,0,0,0.040918366008554585,0.052914050000254065,0.11790214616543643,0.012697987011736533,518.1199205923162,345.0,2619.0,202.715,100.0,0.8297872340425532,0.0,0.0,1.0999999999999943,1.62,1.68,1.0899,1.9548,0.9879,0.1742,1.0,0.4212,1.0,,,,0.625
66,3,2,storage,0.5,249,0,0,0.02517381099460181,0.031088763993466273,0.10397358481919641,0.006497382050991862,524.4373020836962,1980.0,2619.0,478.85,100.0,0.0,0.0,0.0,21.89,0.9967,0.9871,0.9611,1.0003,1.0,1.0,1.0,0.9949,1.0,,,,12.4375
67,3,2,control,0.0,249,0,0,0.025405494001461193,0.03147426700161304,0.10112400092037906,0.006499188349013875,524.4389891605781,1980.0,2619.0,482.13,100.0,0.0,0.0,0.0,1.7600000000000051,1.0058,0.9993,0.9348,1.0005,1.0,1.0,1.0,1.0017,1.0,,,,1.0
68,3,2,cpu,0.25,249,0,0,0.025549270008923486,0.03198890000930987,0.10768133886712708,0.0064983249804023285,524.4379479089233,1980.0,2619.0,481.75,100.0,0.0,0.0,0.0,26.86,1.0115,1.0156,0.9954,1.0004,1.0,1.0,1.0,1.0009,1.0,,,,15.2614
69,3,2,sm,1.0,249,0,0,0.04869147200952284,0.06657434000226203,0.11927525186237832,0.015460245262753839,515.3391350744977,1890.0,2619.0,670.485,100.0,0.9791666666666666,0.0,0.0,5.974999999999994,1.9278,2.1137,1.1026,2.3801,0.9826,0.9545,1.0,1.393,1.0,,,,3.3949
70,3,2,network_delay,0.25,249,0,0,0.03465900500304997,0.04497742900275625,0.10139503941834166,0.006499787462720026,524.3653151275902,1980.0,2619.0,487.34,100.0,0.0,0.0,0.0,1.7600000000000051,1.3722,1.428,0.9373,1.0006,0.9999,1.0,1.0,1.0125,1.0,,,,1.0
71,3,2,power,0.5,249,0,0,0.025330310003482737,0.0342283179925289,0.11663592343377324,0.006586091325495064,524.3770236018219,1770.0,2619.0,449.02,100.0,0.7945945945945946,0.0,0.0,1.7099999999999937,1.0029,1.0868,1.0782,1.0139,0.9999,0.8939,1.0,0.9329,1.0,,,,0.9716
72,3,2,control,0.0,249,0,0,0.02506991199334152,0.0321813480113633,0.11008972713948072,0.006500329713761697,524.4404087654867,1980.0,2619.0,488.34,100.0,0.0,0.0,0.0,1.7099999999999937,0.9925,1.0218,1.0176,1.0007,1.0,1.0,1.0,1.0146,1.0,,,,0.9716
73,3,2,pcie,1.0,249,0,0,0.0253285990038421,0.03201336899655871,0.10482586825645764,0.006713832698091317,524.1747478545738,1980.0,2619.0,483.86,100.0,0.0,0.0,0.0,6.709999999999994,1.0028,1.0164,0.969,1.0336,0.9995,1.0,1.0,1.0053,1.0,,,,3.8125
74,3,2,pcie,0.25,249,0,0,0.026549353991867974,0.03664626501267776,0.1311541171720198,0.006712163254897129,524.1878931456561,1980.0,2619.0,483.48,100.0,0.0,0.0,0.0,6.664999999999992,1.0511,1.1635,1.2124,1.0333,0.9995,1.0,1.0,1.0045,1.0,,,,3.7869
75,3,2,network_delay,0.5,249,0,0,0.043641679018037394,0.060698362009134144,0.16756306312800842,0.006498283568619039,524.3689438830294,1980.0,2619.0,485.23,100.0,0.0,0.0,0.0,1.75,1.7278,1.9272,1.5489,1.0004,0.9999,1.0,1.0,1.0081,1.0,,,,0.9943
76,3,2,cpu,1.0,249,0,0,0.025046441005542874,0.03786431602202356,0.13990273083960475,0.006500149533316932,524.4463034733427,1980.0,2619.0,488.13,100.0,0.0,0.0,0.0,100.0,0.9916,1.2022,1.2932,1.0007,1.0,1.0,1.0,1.0141,1.0,,,,56.8182
77,3,2,control,0.0,249,0,0,0.02479026699438691,0.03444539400516078,0.1682872283407181,0.006497447760821338,524.4406817581109,1980.0,2619.0,487.34,100.0,0.0,0.0,0.0,1.75,0.9815,1.0936,1.5556,1.0003,1.0,1.0,1.0,1.0125,1.0,,,,0.9943
78,3,2,sm,0.25,249,0,0,0.04826203500851989,0.059524006996070966,0.10116938364376481,0.015468125102023467,515.3438660165626,1905.0,2619.0,669.675,100.0,0.9791666666666666,0.0,0.0,5.959999999999994,1.9108,1.8899,0.9352,2.3813,0.9827,0.9621,1.0,1.3913,1.0,,,,3.3864
79,3,2,storage,1.0,249,0,0,0.024921685981098562,0.031001658004242927,0.09955804517825421,0.00649303288630429,524.4491345503842,1980.0,2619.0,485.78,100.0,0.0,0.0,0.0,41.87,0.9867,0.9843,0.9203,0.9996,1.0,1.0,1.0,1.0093,1.0,,,,23.7898
80,3,2,network_delay,1.0,249,0,0,0.06668067700229585,0.10243969899602234,0.21556364662218336,0.0065144999018943335,524.3924171040509,1980.0,2619.0,484.63,100.0,0.0,0.0,0.0,1.7099999999999937,2.64,3.2525,1.9926,1.0029,0.9999,1.0,1.0,1.0069,1.0,,,,0.9716
81,3,2,storage,0.25,249,0,0,0.024674501008121297,0.031664784997701645,0.1050661875235665,0.006492879768655471,524.4531367626175,1980.0,2619.0,484.3,100.0,0.0,0.0,0.0,11.75,0.9769,1.0054,0.9712,0.9996,1.0,1.0,1.0,1.0062,1.0,,,,6.6761
82,3,2,control,0.0,249,0,0,0.024481101980200037,0.030301210994366556,0.10818126043007159,0.006494510470542545,524.4505777393614,1980.0,2619.0,484.42,100.0,0.0,0.0,0.0,1.7099999999999937,0.9692,0.9621,1.0,0.9998,1.0,1.0,1.0,1.0064,1.0,,,,0.9716
83,3,2,hbm,0.25,249,0,0,0.048528192011872306,0.07091417399351485,0.12958604959369935,0.015292585196028299,515.4737573548263,1980.0,2619.0,441.71000000000004,100.0,0.0,0.0,0.0,5.959999999999994,1.9213,2.2515,1.1979,2.3543,0.9829,1.0,1.0,0.9177,1.0,,,,3.3864
84,3,2,control,0.0,249,0,0,0.025223447009921074,0.034011687006568536,0.1870371336848162,0.006494759984300746,524.4473251860454,1980.0,2619.0,483.56,100.0,0.0,0.0,0.0,1.75,0.9986,1.0799,1.7289,0.9999,1.0,1.0,1.0,1.0047,1.0,,,,0.9943
